gene,codon_pos,target_aas,mutated_aa,codon_pairs,pos_total,fourth_na_prevalence,target_aa_prevalence,mutated_aa_prevalence,is_drm,target_codon_prevalence,mutated_codon_prevalence,pcnt_stops_plasma,pcnt_stops_pbmc,pcnt_stops_all,mutated_codon_prevalence_Group A,mutated_codon_prevalence_Group B,mutated_codon_prevalence_others,mutated_codon_prevalence_other_subtype
PR,30,D,N,"GAC => AAC (GAN), GAT => AAT (GAN)",833,0.001218026796589525,0.9939975990396158,0.0012004801920768306,True,0.9963325183374083,0.0012224938875305623,,0.0,0.0,0.0,0.0,0.0,Group A
PR,48,G,S,"GGC => AGC (GGN), GGT => AGT (GGN)",835,1.0,0.9928143712574851,0.0,True,0.005995203836930456,,,,0.0,,,,
RT,67,D,N,"GAC => AAC (GAN), GAT => AAT (GAN)",610,0.9983221476510067,0.9721311475409836,0.01639344262295082,True,0.9765886287625418,0.015050167224080268,0.0,0.0,0.0,0.011320754716981131,0.05357142857142857,0.05357142857142857,Group B
RT,184,M,I,"ATGA => ATAA (NNGA), ATGG => ATAG (NNGG)",672,1.0,0.7380952380952381,0.026785714285714284,True,0.7496159754224271,0.018433179723502304,0.125,0.625,0.4444444444444444,0.018900343642611683,0.017543859649122806,0.018900343642611683,Group A
RT,230,M,I,"ATGA => ATAA (NNGA), ATGG => ATAG (NNGG)",604,1.0,0.9900662251655629,0.004966887417218543,True,0.994991652754591,0.001669449081803005,1.0,0.8,0.8333333333333334,0.0018796992481203006,0.0,0.0018796992481203006,Group A
IN,95,EGR,K,"AGA => AAA (NGA), AGGA => AAAA (NGGA), AGGG => AAAG (NGGG), AGG => AAG (NGG), GAA => AAA (GAN), GAGA => AAAA (GAGA), GAGG => AAAG (GAGG), GAG => AAG (GAN), GGA => AAA (GGA), GGG => AAG (GGG)",316,0.006644518272425249,0.9968354430379747,0.0031645569620253164,True,0.9965870307167235,0.0034129692832764505,0.0,1.0,0.5,0.004098360655737705,,0.004098360655737705,Group A
IN,118,G,R,"GGA => AGA (GGN), GGGA => AGAA (GGGA), GGGG => AGAG (GGGG), GGG => AGG (GGN)",319,0.8535031847133758,0.987460815047022,0.003134796238244514,True,0.006369426751592357,,0.0,,0.0,,,,
IN,140,G,S,"GGC => AGC (GGN), GGT => AGT (GGN)",323,1.0,0.9597523219814241,0.018575851393188854,True,0.003246753246753247,0.012987012987012988,0.14285714285714285,,0.14285714285714285,0.011450381679389313,,0.011450381679389313,Group A
IN,230,G,R,"GGA => AGA (GGN), GGGA => AGAA (GGGA), GGGG => AGAG (GGGG), GGG => AGG (GGN)",313,0.9779874213836478,1.0,0.0,True,0.003194888178913738,,,,0.0,,,,
IN,232,D,N,"GAC => AAC (GAN), GAT => AAT (GAN)",317,0.0,0.9779179810725552,0.00946372239747634,True,0.987012987012987,0.006493506493506494,0.0,,0.0,0.003875968992248062,,0.003875968992248062,Group A
IN,263,EGR,K,"AGA => AAA (NGA), AGGA => AAAA (NGGA), AGGG => AAAG (NGGG), AGG => AAG (NGG), GAA => AAA (GAN), GAGA => AAAA (GAGA), GAGG => AAAG (GAGG), GAG => AAG (GAN), GGA => AAA (GGA), GGG => AAG (GGG)",313,1.0,0.9936102236421726,0.006389776357827476,True,0.993421052631579,0.006578947368421052,1.0,0.5,0.6666666666666666,0.00390625,,0.00390625,Group A
