drug_class,gene,position,aa
CAI,CA,56,I
CAI,CA,57,S
CAI,CA,66,I
CAI,CA,67,H
CAI,CA,67,K
CAI,CA,67,N
CAI,CA,67,Y
CAI,CA,70,H
CAI,CA,70,N
CAI,CA,70,R
CAI,CA,70,S
CAI,CA,74,D
CAI,CA,74,K
CAI,CA,74,S
CAI,CA,105,E
CAI,CA,105,S
CAI,CA,105,T
CAI,CA,107,C
CAI,CA,107,N
PI,PR,10,F
PI,PR,11,I
PI,PR,11,L
PI,PR,20,T
PI,PR,23,I
PI,PR,24,F
PI,PR,24,I
PI,PR,24,M
PI,PR,30,N
PI,PR,32,I
PI,PR,33,F
PI,PR,43,T
PI,PR,46,I
PI,PR,46,L
PI,PR,46,V
PI,PR,47,A
PI,PR,47,V
PI,PR,48,A
PI,PR,48,L
PI,PR,48,M
PI,PR,48,Q
PI,PR,48,S
PI,PR,48,T
PI,PR,48,V
PI,PR,50,L
PI,PR,50,V
PI,PR,53,L
PI,PR,54,A
PI,PR,54,L
PI,PR,54,M
PI,PR,54,S
PI,PR,54,T
PI,PR,54,V
PI,PR,58,E
PI,PR,73,A
PI,PR,73,C
PI,PR,73,D
PI,PR,73,S
PI,PR,73,T
PI,PR,73,V
PI,PR,74,P
PI,PR,76,V
PI,PR,82,A
PI,PR,82,C
PI,PR,82,F
PI,PR,82,L
PI,PR,82,M
PI,PR,82,S
PI,PR,82,T
PI,PR,83,D
PI,PR,84,A
PI,PR,84,C
PI,PR,84,V
PI,PR,88,D
PI,PR,88,G
PI,PR,88,S
PI,PR,88,T
PI,PR,89,T
PI,PR,89,V
PI,PR,90,M
NRTI,RT,40,F
NRTI,RT,41,L
NRTI,RT,44,A
NRTI,RT,44,D
NRTI,RT,62,V
NRTI,RT,65,E
NRTI,RT,65,N
NRTI,RT,65,R
NRTI,RT,67,-
NRTI,RT,67,E
NRTI,RT,67,G
NRTI,RT,67,H
NRTI,RT,67,N
NRTI,RT,67,S
NRTI,RT,67,T
NRTI,RT,68,-
NRTI,RT,68,D
NRTI,RT,68,G
NRTI,RT,68,N
NRTI,RT,68,R
NRTI,RT,69,-
NRTI,RT,69,D
NRTI,RT,69,G
NRTI,RT,69,_
NRTI,RT,70,-
NRTI,RT,70,E
NRTI,RT,70,G
NRTI,RT,70,N
NRTI,RT,70,Q
NRTI,RT,70,R
NRTI,RT,70,S
NRTI,RT,70,T
NRTI,RT,74,I
NRTI,RT,74,V
NRTI,RT,75,A
NRTI,RT,75,I
NRTI,RT,75,M
NRTI,RT,75,S
NRTI,RT,75,T
NRTI,RT,77,L
NRTI,RT,115,F
NRTI,RT,116,Y
NRTI,RT,151,L
NRTI,RT,151,M
NRTI,RT,184,I
NRTI,RT,184,V
NRTI,RT,210,W
NRTI,RT,215,A
NRTI,RT,215,C
NRTI,RT,215,D
NRTI,RT,215,E
NRTI,RT,215,F
NRTI,RT,215,I
NRTI,RT,215,L
NRTI,RT,215,N
NRTI,RT,215,S
NRTI,RT,215,V
NRTI,RT,215,Y
NRTI,RT,219,E
NRTI,RT,219,N
NRTI,RT,219,Q
NRTI,RT,219,R
NRTI,RT,219,W
NNRTI,RT,90,I
NNRTI,RT,98,G
NNRTI,RT,100,I
NNRTI,RT,100,V
NNRTI,RT,101,E
NNRTI,RT,101,H
NNRTI,RT,101,P
NNRTI,RT,103,H
NNRTI,RT,103,N
NNRTI,RT,103,R
NNRTI,RT,103,S
NNRTI,RT,103,T
NNRTI,RT,106,A
NNRTI,RT,106,I
NNRTI,RT,106,L
NNRTI,RT,106,M
NNRTI,RT,108,I
NNRTI,RT,138,A
NNRTI,RT,138,G
NNRTI,RT,138,K
NNRTI,RT,138,Q
NNRTI,RT,138,R
NNRTI,RT,179,D
NNRTI,RT,179,E
NNRTI,RT,179,F
NNRTI,RT,179,L
NNRTI,RT,179,T
NNRTI,RT,181,C
NNRTI,RT,181,F
NNRTI,RT,181,G
NNRTI,RT,181,I
NNRTI,RT,181,S
NNRTI,RT,181,V
NNRTI,RT,184,I
NNRTI,RT,188,C
NNRTI,RT,188,F
NNRTI,RT,188,H
NNRTI,RT,188,L
NNRTI,RT,190,A
NNRTI,RT,190,C
NNRTI,RT,190,E
NNRTI,RT,190,Q
NNRTI,RT,190,S
NNRTI,RT,190,T
NNRTI,RT,190,V
NNRTI,RT,221,Y
NNRTI,RT,225,H
NNRTI,RT,227,C
NNRTI,RT,227,I
NNRTI,RT,227,L
NNRTI,RT,227,V
NNRTI,RT,227,Y
NNRTI,RT,230,I
NNRTI,RT,230,L
NNRTI,RT,234,I
NNRTI,RT,236,L
NNRTI,RT,238,N
NNRTI,RT,238,T
NNRTI,RT,318,F
NNRTI,RT,348,I
INSTI,IN,51,Y
INSTI,IN,66,A
INSTI,IN,66,I
INSTI,IN,66,K
INSTI,IN,74,F
INSTI,IN,74,I
INSTI,IN,74,M
INSTI,IN,75,A
INSTI,IN,92,G
INSTI,IN,92,Q
INSTI,IN,92,V
INSTI,IN,95,K
INSTI,IN,97,A
INSTI,IN,118,R
INSTI,IN,121,C
INSTI,IN,121,Y
INSTI,IN,122,N
INSTI,IN,138,A
INSTI,IN,138,K
INSTI,IN,138,T
INSTI,IN,140,A
INSTI,IN,140,C
INSTI,IN,140,R
INSTI,IN,140,S
INSTI,IN,143,A
INSTI,IN,143,C
INSTI,IN,143,G
INSTI,IN,143,H
INSTI,IN,143,K
INSTI,IN,143,R
INSTI,IN,143,S
INSTI,IN,145,S
INSTI,IN,146,L
INSTI,IN,146,P
INSTI,IN,147,G
INSTI,IN,148,H
INSTI,IN,148,K
INSTI,IN,148,N
INSTI,IN,148,R
INSTI,IN,149,A
INSTI,IN,151,A
INSTI,IN,151,L
INSTI,IN,153,F
INSTI,IN,153,Y
INSTI,IN,155,H
INSTI,IN,155,S
INSTI,IN,155,T
INSTI,IN,157,Q
INSTI,IN,163,K
INSTI,IN,163,R
INSTI,IN,230,R
INSTI,IN,232,N
INSTI,IN,263,K
bNAb,env,113,N
bNAb,env,123,-
bNAb,env,123,A
bNAb,env,123,C
bNAb,env,123,D
bNAb,env,123,E
bNAb,env,123,F
bNAb,env,123,G
bNAb,env,123,H
bNAb,env,123,I
bNAb,env,123,K
bNAb,env,123,L
bNAb,env,123,M
bNAb,env,123,N
bNAb,env,123,P
bNAb,env,123,Q
bNAb,env,123,R
bNAb,env,123,S
bNAb,env,123,V
bNAb,env,123,W
bNAb,env,123,Y
bNAb,env,123,_
bNAb,env,124,-
bNAb,env,124,A
bNAb,env,124,C
bNAb,env,124,D
bNAb,env,124,E
bNAb,env,124,F
bNAb,env,124,G
bNAb,env,124,H
bNAb,env,124,I
bNAb,env,124,K
bNAb,env,124,L
bNAb,env,124,M
bNAb,env,124,N
bNAb,env,124,Q
bNAb,env,124,R
bNAb,env,124,S
bNAb,env,124,T
bNAb,env,124,V
bNAb,env,124,W
bNAb,env,124,Y
bNAb,env,124,_
bNAb,env,127,-
bNAb,env,127,A
bNAb,env,127,C
bNAb,env,127,D
bNAb,env,127,E
bNAb,env,127,F
bNAb,env,127,G
bNAb,env,127,H
bNAb,env,127,I
bNAb,env,127,K
bNAb,env,127,L
bNAb,env,127,M
bNAb,env,127,N
bNAb,env,127,P
bNAb,env,127,Q
bNAb,env,127,R
bNAb,env,127,S
bNAb,env,127,T
bNAb,env,127,W
bNAb,env,127,Y
bNAb,env,127,_
bNAb,env,128,-
bNAb,env,128,A
bNAb,env,128,C
bNAb,env,128,D
bNAb,env,128,E
bNAb,env,128,F
bNAb,env,128,G
bNAb,env,128,H
bNAb,env,128,I
bNAb,env,128,K
bNAb,env,128,L
bNAb,env,128,M
bNAb,env,128,N
bNAb,env,128,P
bNAb,env,128,Q
bNAb,env,128,R
bNAb,env,128,S
bNAb,env,128,V
bNAb,env,128,W
bNAb,env,128,Y
bNAb,env,128,_
bNAb,env,130,-
bNAb,env,130,A
bNAb,env,130,C
bNAb,env,130,D
bNAb,env,130,E
bNAb,env,130,F
bNAb,env,130,G
bNAb,env,130,H
bNAb,env,130,I
bNAb,env,130,K
bNAb,env,130,L
bNAb,env,130,M
bNAb,env,130,P
bNAb,env,130,Q
bNAb,env,130,R
bNAb,env,130,S
bNAb,env,130,T
bNAb,env,130,V
bNAb,env,130,W
bNAb,env,130,Y
bNAb,env,130,_
bNAb,env,132,-
bNAb,env,132,A
bNAb,env,132,C
bNAb,env,132,D
bNAb,env,132,E
bNAb,env,132,F
bNAb,env,132,G
bNAb,env,132,H
bNAb,env,132,I
bNAb,env,132,K
bNAb,env,132,L
bNAb,env,132,M
bNAb,env,132,N
bNAb,env,132,P
bNAb,env,132,Q
bNAb,env,132,R
bNAb,env,132,V
bNAb,env,132,W
bNAb,env,132,Y
bNAb,env,132,_
bNAb,env,134,A
bNAb,env,156,-
bNAb,env,156,A
bNAb,env,156,C
bNAb,env,156,D
bNAb,env,156,E
bNAb,env,156,F
bNAb,env,156,G
bNAb,env,156,H
bNAb,env,156,I
bNAb,env,156,K
bNAb,env,156,L
bNAb,env,156,M
bNAb,env,156,P
bNAb,env,156,Q
bNAb,env,156,R
bNAb,env,156,S
bNAb,env,156,T
bNAb,env,156,V
bNAb,env,156,W
bNAb,env,156,Y
bNAb,env,156,_
bNAb,env,158,-
bNAb,env,158,A
bNAb,env,158,C
bNAb,env,158,D
bNAb,env,158,E
bNAb,env,158,F
bNAb,env,158,G
bNAb,env,158,H
bNAb,env,158,I
bNAb,env,158,K
bNAb,env,158,L
bNAb,env,158,M
bNAb,env,158,N
bNAb,env,158,P
bNAb,env,158,Q
bNAb,env,158,R
bNAb,env,158,V
bNAb,env,158,W
bNAb,env,158,Y
bNAb,env,158,_
bNAb,env,160,-
bNAb,env,160,A
bNAb,env,160,C
bNAb,env,160,D
bNAb,env,160,E
bNAb,env,160,F
bNAb,env,160,G
bNAb,env,160,H
bNAb,env,160,I
bNAb,env,160,K
bNAb,env,160,L
bNAb,env,160,M
bNAb,env,160,P
bNAb,env,160,Q
bNAb,env,160,R
bNAb,env,160,S
bNAb,env,160,T
bNAb,env,160,V
bNAb,env,160,W
bNAb,env,160,Y
bNAb,env,160,_
bNAb,env,162,-
bNAb,env,162,A
bNAb,env,162,C
bNAb,env,162,D
bNAb,env,162,E
bNAb,env,162,F
bNAb,env,162,G
bNAb,env,162,H
bNAb,env,162,I
bNAb,env,162,K
bNAb,env,162,L
bNAb,env,162,M
bNAb,env,162,N
bNAb,env,162,P
bNAb,env,162,Q
bNAb,env,162,R
bNAb,env,162,V
bNAb,env,162,W
bNAb,env,162,Y
bNAb,env,162,_
bNAb,env,163,A
bNAb,env,165,D
bNAb,env,165,E
bNAb,env,166,A
bNAb,env,166,G
bNAb,env,166,N
bNAb,env,167,A
bNAb,env,167,E
bNAb,env,168,-
bNAb,env,168,A
bNAb,env,168,C
bNAb,env,168,D
bNAb,env,168,E
bNAb,env,168,F
bNAb,env,168,G
bNAb,env,168,H
bNAb,env,168,I
bNAb,env,168,L
bNAb,env,168,M
bNAb,env,168,N
bNAb,env,168,P
bNAb,env,168,Q
bNAb,env,168,S
bNAb,env,168,T
bNAb,env,168,V
bNAb,env,168,W
bNAb,env,168,Y
bNAb,env,168,_
bNAb,env,169,E
bNAb,env,170,K
bNAb,env,177,-
bNAb,env,177,A
bNAb,env,177,C
bNAb,env,177,D
bNAb,env,177,E
bNAb,env,177,F
bNAb,env,177,G
bNAb,env,177,H
bNAb,env,177,I
bNAb,env,177,K
bNAb,env,177,L
bNAb,env,177,M
bNAb,env,177,N
bNAb,env,177,P
bNAb,env,177,Q
bNAb,env,177,R
bNAb,env,177,S
bNAb,env,177,T
bNAb,env,177,V
bNAb,env,177,W
bNAb,env,177,_
bNAb,env,197,-
bNAb,env,197,A
bNAb,env,197,C
bNAb,env,197,D
bNAb,env,197,E
bNAb,env,197,F
bNAb,env,197,G
bNAb,env,197,H
bNAb,env,197,I
bNAb,env,197,K
bNAb,env,197,L
bNAb,env,197,M
bNAb,env,197,P
bNAb,env,197,Q
bNAb,env,197,R
bNAb,env,197,S
bNAb,env,197,T
bNAb,env,197,V
bNAb,env,197,W
bNAb,env,197,Y
bNAb,env,197,_
bNAb,env,199,-
bNAb,env,199,A
bNAb,env,199,C
bNAb,env,199,D
bNAb,env,199,E
bNAb,env,199,F
bNAb,env,199,G
bNAb,env,199,H
bNAb,env,199,I
bNAb,env,199,K
bNAb,env,199,L
bNAb,env,199,M
bNAb,env,199,N
bNAb,env,199,P
bNAb,env,199,Q
bNAb,env,199,R
bNAb,env,199,V
bNAb,env,199,W
bNAb,env,199,Y
bNAb,env,199,_
bNAb,env,207,-
bNAb,env,207,A
bNAb,env,207,C
bNAb,env,207,D
bNAb,env,207,E
bNAb,env,207,F
bNAb,env,207,G
bNAb,env,207,H
bNAb,env,207,I
bNAb,env,207,L
bNAb,env,207,M
bNAb,env,207,N
bNAb,env,207,P
bNAb,env,207,Q
bNAb,env,207,S
bNAb,env,207,T
bNAb,env,207,V
bNAb,env,207,W
bNAb,env,207,Y
bNAb,env,207,_
bNAb,env,262,-
bNAb,env,262,A
bNAb,env,262,C
bNAb,env,262,D
bNAb,env,262,E
bNAb,env,262,F
bNAb,env,262,G
bNAb,env,262,H
bNAb,env,262,I
bNAb,env,262,K
bNAb,env,262,L
bNAb,env,262,M
bNAb,env,262,P
bNAb,env,262,Q
bNAb,env,262,R
bNAb,env,262,S
bNAb,env,262,T
bNAb,env,262,V
bNAb,env,262,W
bNAb,env,262,Y
bNAb,env,262,_
bNAb,env,274,-
bNAb,env,274,A
bNAb,env,274,C
bNAb,env,274,D
bNAb,env,274,E
bNAb,env,274,F
bNAb,env,274,G
bNAb,env,274,H
bNAb,env,274,I
bNAb,env,274,K
bNAb,env,274,L
bNAb,env,274,M
bNAb,env,274,N
bNAb,env,274,P
bNAb,env,274,Q
bNAb,env,274,R
bNAb,env,274,T
bNAb,env,274,V
bNAb,env,274,W
bNAb,env,274,Y
bNAb,env,274,_
bNAb,env,275,K
bNAb,env,275,S
bNAb,env,275,G
bNAb,env,276,-
bNAb,env,276,A
bNAb,env,276,C
bNAb,env,276,D
bNAb,env,276,E
bNAb,env,276,F
bNAb,env,276,G
bNAb,env,276,H
bNAb,env,276,I
bNAb,env,276,K
bNAb,env,276,L
bNAb,env,276,M
bNAb,env,276,P
bNAb,env,276,Q
bNAb,env,276,R
bNAb,env,276,S
bNAb,env,276,T
bNAb,env,276,V
bNAb,env,276,W
bNAb,env,276,Y
bNAb,env,276,_
bNAb,env,278,-
bNAb,env,278,A
bNAb,env,278,C
bNAb,env,278,D
bNAb,env,278,E
bNAb,env,278,F
bNAb,env,278,G
bNAb,env,278,H
bNAb,env,278,I
bNAb,env,278,K
bNAb,env,278,L
bNAb,env,278,M
bNAb,env,278,N
bNAb,env,278,P
bNAb,env,278,Q
bNAb,env,278,R
bNAb,env,278,V
bNAb,env,278,W
bNAb,env,278,Y
bNAb,env,278,_
bNAb,env,279,-
bNAb,env,279,A
bNAb,env,279,C
bNAb,env,279,E
bNAb,env,279,F
bNAb,env,279,G
bNAb,env,279,H
bNAb,env,279,I
bNAb,env,279,K
bNAb,env,279,L
bNAb,env,279,M
bNAb,env,279,P
bNAb,env,279,Q
bNAb,env,279,R
bNAb,env,279,S
bNAb,env,279,T
bNAb,env,279,V
bNAb,env,279,W
bNAb,env,279,Y
bNAb,env,279,_
bNAb,env,280,-
bNAb,env,280,A
bNAb,env,280,C
bNAb,env,280,D
bNAb,env,280,E
bNAb,env,280,F
bNAb,env,280,G
bNAb,env,280,H
bNAb,env,280,I
bNAb,env,280,K
bNAb,env,280,L
bNAb,env,280,M
bNAb,env,280,P
bNAb,env,280,Q
bNAb,env,280,R
bNAb,env,280,S
bNAb,env,280,T
bNAb,env,280,V
bNAb,env,280,W
bNAb,env,280,Y
bNAb,env,280,_
bNAb,env,281,T
bNAb,env,281,H
bNAb,env,281,D
bNAb,env,282,-
bNAb,env,282,A
bNAb,env,282,C
bNAb,env,282,D
bNAb,env,282,E
bNAb,env,282,F
bNAb,env,282,G
bNAb,env,282,H
bNAb,env,282,I
bNAb,env,282,L
bNAb,env,282,M
bNAb,env,282,N
bNAb,env,282,P
bNAb,env,282,Q
bNAb,env,282,R
bNAb,env,282,S
bNAb,env,282,T
bNAb,env,282,V
bNAb,env,282,W
bNAb,env,282,Y
bNAb,env,282,_
bNAb,env,283,N
bNAb,env,284,M
bNAb,env,301,-
bNAb,env,301,A
bNAb,env,301,C
bNAb,env,301,D
bNAb,env,301,E
bNAb,env,301,F
bNAb,env,301,G
bNAb,env,301,H
bNAb,env,301,I
bNAb,env,301,K
bNAb,env,301,L
bNAb,env,301,M
bNAb,env,301,P
bNAb,env,301,Q
bNAb,env,301,R
bNAb,env,301,S
bNAb,env,301,T
bNAb,env,301,V
bNAb,env,301,W
bNAb,env,301,Y
bNAb,env,301,_
bNAb,env,303,-
bNAb,env,303,A
bNAb,env,303,C
bNAb,env,303,D
bNAb,env,303,E
bNAb,env,303,F
bNAb,env,303,G
bNAb,env,303,H
bNAb,env,303,I
bNAb,env,303,K
bNAb,env,303,L
bNAb,env,303,M
bNAb,env,303,N
bNAb,env,303,P
bNAb,env,303,Q
bNAb,env,303,R
bNAb,env,303,V
bNAb,env,303,W
bNAb,env,303,Y
bNAb,env,303,_
bNAb,env,304,-
bNAb,env,304,A
bNAb,env,304,C
bNAb,env,304,D
bNAb,env,304,E
bNAb,env,304,F
bNAb,env,304,G
bNAb,env,304,H
bNAb,env,304,I
bNAb,env,304,K
bNAb,env,304,L
bNAb,env,304,M
bNAb,env,304,N
bNAb,env,304,P
bNAb,env,304,Q
bNAb,env,304,S
bNAb,env,304,T
bNAb,env,304,V
bNAb,env,304,W
bNAb,env,304,Y
bNAb,env,304,_
bNAb,env,308,-
bNAb,env,308,A
bNAb,env,308,C
bNAb,env,308,D
bNAb,env,308,E
bNAb,env,308,F
bNAb,env,308,G
bNAb,env,308,I
bNAb,env,308,K
bNAb,env,308,L
bNAb,env,308,M
bNAb,env,308,N
bNAb,env,308,P
bNAb,env,308,Q
bNAb,env,308,S
bNAb,env,308,T
bNAb,env,308,V
bNAb,env,308,W
bNAb,env,308,Y
bNAb,env,308,_
bNAb,env,312,-
bNAb,env,312,A
bNAb,env,312,C
bNAb,env,312,D
bNAb,env,312,E
bNAb,env,312,F
bNAb,env,312,H
bNAb,env,312,I
bNAb,env,312,K
bNAb,env,312,L
bNAb,env,312,M
bNAb,env,312,N
bNAb,env,312,P
bNAb,env,312,Q
bNAb,env,312,R
bNAb,env,312,S
bNAb,env,312,T
bNAb,env,312,V
bNAb,env,312,W
bNAb,env,312,Y
bNAb,env,312,_
bNAb,env,316,E
bNAb,env,316,D
bNAb,env,316,K
bNAb,env,318,-
bNAb,env,318,A
bNAb,env,318,C
bNAb,env,318,D
bNAb,env,318,E
bNAb,env,318,G
bNAb,env,318,H
bNAb,env,318,I
bNAb,env,318,K
bNAb,env,318,L
bNAb,env,318,M
bNAb,env,318,N
bNAb,env,318,P
bNAb,env,318,Q
bNAb,env,318,R
bNAb,env,318,S
bNAb,env,318,T
bNAb,env,318,V
bNAb,env,318,W
bNAb,env,318,_
bNAb,env,323,G
bNAb,env,324,R
bNAb,env,325,-
bNAb,env,325,A
bNAb,env,325,C
bNAb,env,325,E
bNAb,env,325,F
bNAb,env,325,G
bNAb,env,325,H
bNAb,env,325,I
bNAb,env,325,K
bNAb,env,325,L
bNAb,env,325,M
bNAb,env,325,P
bNAb,env,325,Q
bNAb,env,325,R
bNAb,env,325,S
bNAb,env,325,T
bNAb,env,325,V
bNAb,env,325,W
bNAb,env,325,Y
bNAb,env,325,_
bNAb,env,326,-
bNAb,env,326,A
bNAb,env,326,C
bNAb,env,326,D
bNAb,env,326,E
bNAb,env,326,F
bNAb,env,326,G
bNAb,env,326,H
bNAb,env,326,K
bNAb,env,326,L
bNAb,env,326,M
bNAb,env,326,N
bNAb,env,326,P
bNAb,env,326,Q
bNAb,env,326,R
bNAb,env,326,S
bNAb,env,326,T
bNAb,env,326,V
bNAb,env,326,W
bNAb,env,326,Y
bNAb,env,326,_
bNAb,env,327,-
bNAb,env,327,A
bNAb,env,327,C
bNAb,env,327,D
bNAb,env,327,E
bNAb,env,327,F
bNAb,env,327,G
bNAb,env,327,H
bNAb,env,327,I
bNAb,env,327,K
bNAb,env,327,L
bNAb,env,327,M
bNAb,env,327,N
bNAb,env,327,P
bNAb,env,327,Q
bNAb,env,327,S
bNAb,env,327,T
bNAb,env,327,V
bNAb,env,327,W
bNAb,env,327,Y
bNAb,env,327,_
bNAb,env,330,Y
bNAb,env,330,R
bNAb,env,332,-
bNAb,env,332,A
bNAb,env,332,C
bNAb,env,332,D
bNAb,env,332,E
bNAb,env,332,F
bNAb,env,332,G
bNAb,env,332,H
bNAb,env,332,I
bNAb,env,332,K
bNAb,env,332,L
bNAb,env,332,M
bNAb,env,332,P
bNAb,env,332,Q
bNAb,env,332,R
bNAb,env,332,S
bNAb,env,332,T
bNAb,env,332,V
bNAb,env,332,W
bNAb,env,332,Y
bNAb,env,332,_
bNAb,env,334,-
bNAb,env,334,A
bNAb,env,334,C
bNAb,env,334,D
bNAb,env,334,E
bNAb,env,334,F
bNAb,env,334,G
bNAb,env,334,H
bNAb,env,334,I
bNAb,env,334,K
bNAb,env,334,L
bNAb,env,334,M
bNAb,env,334,N
bNAb,env,334,P
bNAb,env,334,Q
bNAb,env,334,R
bNAb,env,334,V
bNAb,env,334,W
bNAb,env,334,Y
bNAb,env,334,_
bNAb,env,365,-
bNAb,env,365,A
bNAb,env,365,C
bNAb,env,365,D
bNAb,env,365,E
bNAb,env,365,F
bNAb,env,365,G
bNAb,env,365,H
bNAb,env,365,I
bNAb,env,365,K
bNAb,env,365,L
bNAb,env,365,M
bNAb,env,365,N
bNAb,env,365,P
bNAb,env,365,Q
bNAb,env,365,R
bNAb,env,365,T
bNAb,env,365,V
bNAb,env,365,W
bNAb,env,365,Y
bNAb,env,365,_
bNAb,env,366,-
bNAb,env,366,A
bNAb,env,366,C
bNAb,env,366,D
bNAb,env,366,E
bNAb,env,366,F
bNAb,env,366,H
bNAb,env,366,I
bNAb,env,366,K
bNAb,env,366,L
bNAb,env,366,M
bNAb,env,366,N
bNAb,env,366,P
bNAb,env,366,Q
bNAb,env,366,R
bNAb,env,366,S
bNAb,env,366,T
bNAb,env,366,V
bNAb,env,366,W
bNAb,env,366,Y
bNAb,env,366,_
bNAb,env,367,-
bNAb,env,367,A
bNAb,env,367,C
bNAb,env,367,D
bNAb,env,367,E
bNAb,env,367,F
bNAb,env,367,H
bNAb,env,367,I
bNAb,env,367,K
bNAb,env,367,L
bNAb,env,367,M
bNAb,env,367,N
bNAb,env,367,P
bNAb,env,367,Q
bNAb,env,367,R
bNAb,env,367,S
bNAb,env,367,T
bNAb,env,367,V
bNAb,env,367,W
bNAb,env,367,Y
bNAb,env,367,_
bNAb,env,368,-
bNAb,env,368,A
bNAb,env,368,C
bNAb,env,368,E
bNAb,env,368,F
bNAb,env,368,G
bNAb,env,368,H
bNAb,env,368,I
bNAb,env,368,K
bNAb,env,368,L
bNAb,env,368,M
bNAb,env,368,N
bNAb,env,368,P
bNAb,env,368,Q
bNAb,env,368,R
bNAb,env,368,S
bNAb,env,368,T
bNAb,env,368,V
bNAb,env,368,W
bNAb,env,368,Y
bNAb,env,368,_
bNAb,env,369,K
bNAb,env,370,-
bNAb,env,370,A
bNAb,env,370,C
bNAb,env,370,D
bNAb,env,370,F
bNAb,env,370,G
bNAb,env,370,H
bNAb,env,370,I
bNAb,env,370,K
bNAb,env,370,L
bNAb,env,370,M
bNAb,env,370,N
bNAb,env,370,P
bNAb,env,370,Q
bNAb,env,370,R
bNAb,env,370,S
bNAb,env,370,T
bNAb,env,370,V
bNAb,env,370,W
bNAb,env,370,Y
bNAb,env,370,_
bNAb,env,371,-
bNAb,env,371,A
bNAb,env,371,C
bNAb,env,371,D
bNAb,env,371,E
bNAb,env,371,F
bNAb,env,371,G
bNAb,env,371,H
bNAb,env,371,K
bNAb,env,371,L
bNAb,env,371,M
bNAb,env,371,N
bNAb,env,371,P
bNAb,env,371,Q
bNAb,env,371,R
bNAb,env,371,S
bNAb,env,371,T
bNAb,env,371,W
bNAb,env,371,Y
bNAb,env,371,_
bNAb,env,373,K
bNAb,env,415,R
bNAb,env,415,Y
bNAb,env,420,-
bNAb,env,420,A
bNAb,env,420,C
bNAb,env,420,D
bNAb,env,420,E
bNAb,env,420,F
bNAb,env,420,G
bNAb,env,420,H
bNAb,env,420,K
bNAb,env,420,L
bNAb,env,420,M
bNAb,env,420,N
bNAb,env,420,P
bNAb,env,420,Q
bNAb,env,420,R
bNAb,env,420,S
bNAb,env,420,T
bNAb,env,420,V
bNAb,env,420,W
bNAb,env,420,Y
bNAb,env,420,_
bNAb,env,427,-
bNAb,env,427,A
bNAb,env,427,C
bNAb,env,427,D
bNAb,env,427,E
bNAb,env,427,F
bNAb,env,427,G
bNAb,env,427,H
bNAb,env,427,I
bNAb,env,427,K
bNAb,env,427,L
bNAb,env,427,M
bNAb,env,427,N
bNAb,env,427,P
bNAb,env,427,Q
bNAb,env,427,R
bNAb,env,427,S
bNAb,env,427,T
bNAb,env,427,V
bNAb,env,427,Y
bNAb,env,427,_
bNAb,env,428,-
bNAb,env,428,A
bNAb,env,428,C
bNAb,env,428,D
bNAb,env,428,E
bNAb,env,428,F
bNAb,env,428,G
bNAb,env,428,H
bNAb,env,428,I
bNAb,env,428,K
bNAb,env,428,L
bNAb,env,428,M
bNAb,env,428,N
bNAb,env,428,P
bNAb,env,428,R
bNAb,env,428,S
bNAb,env,428,T
bNAb,env,428,V
bNAb,env,428,W
bNAb,env,428,Y
bNAb,env,428,_
bNAb,env,441,P
bNAb,env,456,-
bNAb,env,456,A
bNAb,env,456,C
bNAb,env,456,D
bNAb,env,456,E
bNAb,env,456,F
bNAb,env,456,G
bNAb,env,456,H
bNAb,env,456,I
bNAb,env,456,K
bNAb,env,456,L
bNAb,env,456,M
bNAb,env,456,N
bNAb,env,456,P
bNAb,env,456,Q
bNAb,env,456,S
bNAb,env,456,T
bNAb,env,456,V
bNAb,env,456,W
bNAb,env,456,Y
bNAb,env,456,_
bNAb,env,457,-
bNAb,env,457,A
bNAb,env,457,C
bNAb,env,457,E
bNAb,env,457,F
bNAb,env,457,G
bNAb,env,457,H
bNAb,env,457,I
bNAb,env,457,K
bNAb,env,457,L
bNAb,env,457,M
bNAb,env,457,N
bNAb,env,457,P
bNAb,env,457,Q
bNAb,env,457,R
bNAb,env,457,S
bNAb,env,457,T
bNAb,env,457,V
bNAb,env,457,W
bNAb,env,457,Y
bNAb,env,457,_
bNAb,env,458,-
bNAb,env,458,A
bNAb,env,458,C
bNAb,env,458,D
bNAb,env,458,E
bNAb,env,458,F
bNAb,env,458,H
bNAb,env,458,I
bNAb,env,458,K
bNAb,env,458,L
bNAb,env,458,M
bNAb,env,458,N
bNAb,env,458,P
bNAb,env,458,Q
bNAb,env,458,R
bNAb,env,458,S
bNAb,env,458,T
bNAb,env,458,V
bNAb,env,458,W
bNAb,env,458,Y
bNAb,env,458,_
bNAb,env,459,-
bNAb,env,459,A
bNAb,env,459,C
bNAb,env,459,D
bNAb,env,459,E
bNAb,env,459,F
bNAb,env,459,H
bNAb,env,459,I
bNAb,env,459,K
bNAb,env,459,L
bNAb,env,459,M
bNAb,env,459,N
bNAb,env,459,P
bNAb,env,459,Q
bNAb,env,459,R
bNAb,env,459,S
bNAb,env,459,T
bNAb,env,459,V
bNAb,env,459,W
bNAb,env,459,Y
bNAb,env,459,_
bNAb,env,469,-
bNAb,env,469,A
bNAb,env,469,C
bNAb,env,469,D
bNAb,env,469,E
bNAb,env,469,F
bNAb,env,469,G
bNAb,env,469,H
bNAb,env,469,I
bNAb,env,469,K
bNAb,env,469,L
bNAb,env,469,M
bNAb,env,469,N
bNAb,env,469,P
bNAb,env,469,Q
bNAb,env,469,S
bNAb,env,469,T
bNAb,env,469,V
bNAb,env,469,W
bNAb,env,469,Y
bNAb,env,469,_
bNAb,env,471,E
bNAb,env,471,I
bNAb,env,474,-
bNAb,env,474,A
bNAb,env,474,C
bNAb,env,474,E
bNAb,env,474,F
bNAb,env,474,G
bNAb,env,474,H
bNAb,env,474,I
bNAb,env,474,K
bNAb,env,474,L
bNAb,env,474,M
bNAb,env,474,P
bNAb,env,474,Q
bNAb,env,474,R
bNAb,env,474,S
bNAb,env,474,T
bNAb,env,474,V
bNAb,env,474,W
bNAb,env,474,Y
bNAb,env,474,_
AI,env,375,-
AI,env,375,A
AI,env,375,C
AI,env,375,D
AI,env,375,E
AI,env,375,F
AI,env,375,G
AI,env,375,H
AI,env,375,I
AI,env,375,K
AI,env,375,L
AI,env,375,M
AI,env,375,N
AI,env,375,P
AI,env,375,Q
AI,env,375,R
AI,env,375,T
AI,env,375,V
AI,env,375,W
AI,env,375,Y
AI,env,375,_
AI,env,426,L
AI,env,434,I
AI,env,475,I
FI,env,547,-
FI,env,547,A
FI,env,547,C
FI,env,547,D
FI,env,547,E
FI,env,547,F
FI,env,547,H
FI,env,547,I
FI,env,547,K
FI,env,547,L
FI,env,547,M
FI,env,547,N
FI,env,547,P
FI,env,547,Q
FI,env,547,R
FI,env,547,S
FI,env,547,T
FI,env,547,V
FI,env,547,W
FI,env,547,Y
FI,env,547,_
FI,env,548,-
FI,env,548,A
FI,env,548,C
FI,env,548,D
FI,env,548,E
FI,env,548,F
FI,env,548,G
FI,env,548,H
FI,env,548,K
FI,env,548,L
FI,env,548,M
FI,env,548,N
FI,env,548,P
FI,env,548,Q
FI,env,548,R
FI,env,548,S
FI,env,548,T
FI,env,548,V
FI,env,548,W
FI,env,548,Y
FI,env,548,_
FI,env,549,-
FI,env,549,A
FI,env,549,C
FI,env,549,D
FI,env,549,E
FI,env,549,F
FI,env,549,G
FI,env,549,H
FI,env,549,I
FI,env,549,K
FI,env,549,L
FI,env,549,M
FI,env,549,N
FI,env,549,P
FI,env,549,Q
FI,env,549,R
FI,env,549,S
FI,env,549,T
FI,env,549,W
FI,env,549,Y
FI,env,549,_
FI,env,551,-
FI,env,551,A
FI,env,551,C
FI,env,551,D
FI,env,551,E
FI,env,551,F
FI,env,551,G
FI,env,551,H
FI,env,551,I
FI,env,551,K
FI,env,551,L
FI,env,551,M
FI,env,551,N
FI,env,551,P
FI,env,551,R
FI,env,551,S
FI,env,551,T
FI,env,551,V
FI,env,551,W
FI,env,551,Y
FI,env,551,_
FI,env,553,T
FI,env,554,D
FI,env,554,K
FI,env,554,S
FI,env,555,-
FI,env,555,A
FI,env,555,C
FI,env,555,D
FI,env,555,E
FI,env,555,F
FI,env,555,G
FI,env,555,H
FI,env,555,I
FI,env,555,K
FI,env,555,M
FI,env,555,N
FI,env,555,P
FI,env,555,Q
FI,env,555,R
FI,env,555,S
FI,env,555,T
FI,env,555,V
FI,env,555,W
FI,env,555,Y
FI,env,555,_
FI,env,556,-
FI,env,556,A
FI,env,556,C
FI,env,556,D
FI,env,556,E
FI,env,556,F
FI,env,556,G
FI,env,556,H
FI,env,556,I
FI,env,556,K
FI,env,556,M
FI,env,556,N
FI,env,556,P
FI,env,556,Q
FI,env,556,R
FI,env,556,S
FI,env,556,T
FI,env,556,V
FI,env,556,W
FI,env,556,Y
FI,env,556,_