strain,gene,drugClass,position,aas,mutationType,isUnusual
HIV1,RT,NRTI,40,F,NRTI,FALSE
HIV1,RT,NRTI,41,L,NRTI,FALSE
HIV1,RT,NRTI,41,I,Other,FALSE
HIV1,RT,NRTI,44,AD,NRTI,FALSE
HIV1,RT,NRTI,62,V,NRTI,FALSE
HIV1,RT,NRTI,65,ACDFGHILMPQSTVWY_-,Other,TRUE
HIV1,RT,NRTI,65,E,NRTI,FALSE
HIV1,RT,NRTI,65,N,NRTI,FALSE
HIV1,RT,NRTI,65,R,NRTI,FALSE
HIV1,RT,NRTI,67,-,NRTI,FALSE
HIV1,RT,NRTI,67,ACFIKLMPQRVWY_,Other,TRUE
HIV1,RT,NRTI,67,GESTH,NRTI,FALSE
HIV1,RT,NRTI,67,N,NRTI,FALSE
HIV1,RT,NRTI,68,-,NRTI,FALSE
HIV1,RT,NRTI,68,G,NRTI,FALSE
HIV1,RT,NRTI,68,DNR,NRTI,FALSE
HIV1,RT,NRTI,69,-,NRTI,FALSE
HIV1,RT,NRTI,69,D,NRTI,FALSE
HIV1,RT,NRTI,69,G,NRTI,FALSE
HIV1,RT,NRTI,69,_,NRTI,FALSE
HIV1,RT,NRTI,69,CFHKLMPQRVWY,Other,TRUE
HIV1,RT,NRTI,69,NSAIE,Other,FALSE
HIV1,RT,NRTI,70,-,NRTI,FALSE
HIV1,RT,NRTI,70,ACDFHILMPVWY_,Other,TRUE
HIV1,RT,NRTI,70,EGQNST,NRTI,FALSE
HIV1,RT,NRTI,70,R,NRTI,FALSE
HIV1,RT,NRTI,74,ACDEFGHKMNPQRSTWY_-,Other,TRUE
HIV1,RT,NRTI,74,VI,NRTI,FALSE
HIV1,RT,NRTI,75,I,NRTI,FALSE
HIV1,RT,NRTI,75,MTAS,NRTI,FALSE
HIV1,RT,NRTI,75,CDEFGHKNPQRWY_-,Other,TRUE
HIV1,RT,NRTI,77,L,NRTI,FALSE
HIV1,RT,NRTI,77,ACDEGHIKMNPQRSTVWY_-,Other,TRUE
HIV1,RT,NRTI,115,F,NRTI,FALSE
HIV1,RT,NRTI,115,ACDEGHIKLMNPQRSTVW_-,Other,TRUE
HIV1,RT,NRTI,116,Y,NRTI,FALSE
HIV1,RT,NRTI,116,ACDEGHIKLMNPQRSTVW_-,Other,TRUE
HIV1,RT,NRTI,118,I,Other,FALSE
HIV1,RT,NRTI,151,L,NRTI,FALSE
HIV1,RT,NRTI,151,M,NRTI,FALSE
HIV1,RT,NRTI,151,ACDEFGHIKNPRSTVWY_-,Other,TRUE
HIV1,RT,NRTI,184,ACDEFGHKLNPQRSTWY_-,Other,TRUE
HIV1,RT,NRTI,184,VI,NRTI,FALSE
HIV1,RT,NRTI,210,W,NRTI,FALSE
HIV1,RT,NRTI,215,GHKMPQRW_-,Other,TRUE
HIV1,RT,NRTI,215,SCDEIVALN,NRTI,FALSE
HIV1,RT,NRTI,215,YF,NRTI,FALSE
HIV1,RT,NRTI,219,EQNR,NRTI,FALSE
HIV1,RT,NRTI,219,W,NRTI,FALSE
HIV1,RT,NRTI,219,ACDFGHILMPSTVY_-,Other,TRUE
HIV1,RT,NNRTI,90,I,Other,FALSE
HIV1,RT,NNRTI,98,G,NNRTI,FALSE
HIV1,RT,NNRTI,100,ACDEFGHKMNPQRSTWY_-,Other,TRUE
HIV1,RT,NNRTI,100,I,NNRTI,FALSE
HIV1,RT,NNRTI,100,V,NNRTI,FALSE
HIV1,RT,NNRTI,101,E,NNRTI,FALSE
HIV1,RT,NNRTI,101,H,NNRTI,FALSE
HIV1,RT,NNRTI,101,P,NNRTI,FALSE
HIV1,RT,NNRTI,101,CDFGILMSVWY_-,Other,TRUE
HIV1,RT,NNRTI,101,NAT,Other,FALSE
HIV1,RT,NNRTI,101,Q,Other,FALSE
HIV1,RT,NNRTI,103,ACDFGILMPVWY_-,Other,TRUE
HIV1,RT,NNRTI,103,EQ,NNRTI,FALSE
HIV1,RT,NNRTI,103,H,NNRTI,FALSE
HIV1,RT,NNRTI,103,N,NNRTI,FALSE
HIV1,RT,NNRTI,103,S,NNRTI,FALSE
HIV1,RT,NNRTI,103,T,NNRTI,FALSE
HIV1,RT,NNRTI,103,R,Other,FALSE
HIV1,RT,NNRTI,106,A,NNRTI,FALSE
HIV1,RT,NNRTI,106,I,NNRTI,FALSE
HIV1,RT,NNRTI,106,M,NNRTI,FALSE
HIV1,RT,NNRTI,106,CDEFGHKLNPQRSTWY_-,Other,TRUE
HIV1,RT,NNRTI,108,I,NNRTI,FALSE
HIV1,RT,NNRTI,108,ACDEFGHKLMNPQRSTWY_-,Other,TRUE
HIV1,RT,NNRTI,132,ML,Other,FALSE
HIV1,RT,NNRTI,138,A,NNRTI,FALSE
HIV1,RT,NNRTI,138,K,NNRTI,FALSE
HIV1,RT,NNRTI,138,QG,NNRTI,FALSE
HIV1,RT,NNRTI,138,R,NNRTI,FALSE
HIV1,RT,NNRTI,138,CDFHILMNPSTVWY_-,Other,TRUE
HIV1,RT,NNRTI,179,DE,NNRTI,FALSE
HIV1,RT,NNRTI,179,F,NNRTI,FALSE
HIV1,RT,NNRTI,179,L,NNRTI,FALSE
HIV1,RT,NNRTI,179,T,NNRTI,FALSE
HIV1,RT,NNRTI,179,ACGHKMNPQRSWY_-,Other,TRUE
HIV1,RT,NNRTI,179,I,Other,FALSE
HIV1,RT,NNRTI,181,ADEHKLMNPQRTW_-,Other,TRUE
HIV1,RT,NNRTI,181,C,NNRTI,FALSE
HIV1,RT,NNRTI,181,FSG,NNRTI,FALSE
HIV1,RT,NNRTI,181,IV,NNRTI,FALSE
HIV1,RT,NNRTI,188,ADEGIKMNPQRSTVW_-,Other,TRUE
HIV1,RT,NNRTI,188,C,NNRTI,FALSE
HIV1,RT,NNRTI,188,F,NNRTI,FALSE
HIV1,RT,NNRTI,188,H,NNRTI,FALSE
HIV1,RT,NNRTI,188,L,NNRTI,FALSE
HIV1,RT,NNRTI,190,A,NNRTI,FALSE
HIV1,RT,NNRTI,190,CTV,NNRTI,FALSE
HIV1,RT,NNRTI,190,DFHIKLMNPWY_-,Other,TRUE
HIV1,RT,NNRTI,190,EQ,NNRTI,FALSE
HIV1,RT,NNRTI,190,S,NNRTI,FALSE
HIV1,RT,NNRTI,190,R,Other,FALSE
HIV1,RT,NNRTI,221,Y,NNRTI,FALSE
HIV1,RT,NNRTI,225,H,NNRTI,FALSE
HIV1,RT,NNRTI,225,ACDEFGIKLMNQRSTVWY_-,Other,TRUE
HIV1,RT,NNRTI,227,C,NNRTI,FALSE
HIV1,RT,NNRTI,227,ILV,NNRTI,FALSE
HIV1,RT,NNRTI,227,ADEGHKMNPQRSTWY_-,Other,TRUE
HIV1,RT,NNRTI,230,I,NNRTI,FALSE
HIV1,RT,NNRTI,230,L,NNRTI,FALSE
HIV1,RT,NNRTI,230,ACDEFGHKNPQRSTVWY_-,Other,TRUE
HIV1,RT,NNRTI,234,I,NNRTI,FALSE
HIV1,RT,NNRTI,234,ACDEFGHKMNPQRSTWY_-,Other,TRUE
HIV1,RT,NNRTI,236,L,NNRTI,FALSE
HIV1,RT,NNRTI,236,ACDEFGHIKMNQRSTVWY_-,Other,TRUE
HIV1,RT,NNRTI,238,TN,NNRTI,FALSE
HIV1,RT,NNRTI,238,ACDEFGHILMPQSVWY_-,Other,TRUE
HIV1,RT,NNRTI,238,R,Other,FALSE
HIV1,RT,NNRTI,318,F,NNRTI,FALSE
HIV1,RT,NNRTI,318,ACDEGHIKLMNPQRSTVW_-,Other,TRUE
HIV1,RT,NNRTI,348,I,NNRTI,FALSE
HIV1,RT,NNRTI,348,ACDEFGHKLMPQRSTVWY_-,Other,TRUE
HIV1,PR,PI,10,F,Accessory,FALSE
HIV1,PR,PI,10,ACDEGHKMNPQSTW_-,Other,TRUE
HIV1,PR,PI,10,IV,Other,FALSE
HIV1,PR,PI,10,RY,Other,FALSE
HIV1,PR,PI,11,IL,Other,FALSE
HIV1,PR,PI,20,T,Accessory,FALSE
HIV1,PR,PI,20,I,Other,FALSE
HIV1,PR,PI,20,MV,Other,FALSE
HIV1,PR,PI,20,R,Other,FALSE
HIV1,PR,PI,23,I,Accessory,FALSE
HIV1,PR,PI,24,FM,Accessory,FALSE
HIV1,PR,PI,24,I,Accessory,FALSE
HIV1,PR,PI,24,ACDEGHKNPQRSTVWY_-,Other,TRUE
HIV1,PR,PI,30,N,Major,FALSE
HIV1,PR,PI,30,ACEFGHIKLMPQRSTVWY_-,Other,TRUE
HIV1,PR,PI,32,I,Major,FALSE
HIV1,PR,PI,32,ACDEFGHKLMNPQRSTWY_-,Other,TRUE
HIV1,PR,PI,33,F,Accessory,FALSE
HIV1,PR,PI,33,IV,Other,FALSE
HIV1,PR,PI,33,_,Other,FALSE
HIV1,PR,PI,34,_,Other,TRUE
HIV1,PR,PI,35,_,Other,FALSE
HIV1,PR,PI,36,_,Other,FALSE
HIV1,PR,PI,37,_,Other,FALSE
HIV1,PR,PI,38,_,Other,TRUE
HIV1,PR,PI,39,_,Other,TRUE
HIV1,PR,PI,40,_,Other,TRUE
HIV1,PR,PI,41,_,Other,TRUE
HIV1,PR,PI,43,T,Accessory,FALSE
HIV1,PR,PI,46,IL,Major,FALSE
HIV1,PR,PI,46,ACDEFGHKNPQRSTWY_-,Other,TRUE
HIV1,PR,PI,46,V,Accessory,FALSE
HIV1,PR,PI,47,A,Major,FALSE
HIV1,PR,PI,47,V,Major,FALSE
HIV1,PR,PI,47,CDEFGHKLMNPQRSTWY_-,Other,TRUE
HIV1,PR,PI,48,ASTQL,Major,FALSE
HIV1,PR,PI,48,M,Major,FALSE
HIV1,PR,PI,48,V,Major,FALSE
HIV1,PR,PI,48,CDEFHIKNPRWY_-,Other,TRUE
HIV1,PR,PI,50,L,Major,FALSE
HIV1,PR,PI,50,V,Major,FALSE
HIV1,PR,PI,50,ACDEFGHKMNPQRSTWY_-,Other,TRUE
HIV1,PR,PI,53,LY,Accessory,FALSE
HIV1,PR,PI,54,ATS,Major,FALSE
HIV1,PR,PI,54,LM,Major,FALSE
HIV1,PR,PI,54,V,Major,FALSE
HIV1,PR,PI,54,CDEFGHKNPQRWY_-,Other,TRUE
HIV1,PR,PI,58,E,Accessory,FALSE
HIV1,PR,PI,71,IL,Other,FALSE
HIV1,PR,PI,71,TV,Other,FALSE
HIV1,PR,PI,73,EFHIKLMNPQRWY_-,Other,TRUE
HIV1,PR,PI,73,STCADV,Accessory,FALSE
HIV1,PR,PI,74,P,Accessory,FALSE
HIV1,PR,PI,74,S,Other,FALSE
HIV1,PR,PI,76,V,Major,FALSE
HIV1,PR,PI,76,ACDEFGHIKMNPQRSTWY_-,Other,TRUE
HIV1,PR,PI,82,A,Major,FALSE
HIV1,PR,PI,82,C,Major,FALSE
HIV1,PR,PI,82,F,Major,FALSE
HIV1,PR,PI,82,L,Major,FALSE
HIV1,PR,PI,82,M,Major,FALSE
HIV1,PR,PI,82,TS,Major,FALSE
HIV1,PR,PI,82,DEGHKNPQRWY_-,Other,TRUE
HIV1,PR,PI,82,I,Other,FALSE
HIV1,PR,PI,83,D,Accessory,FALSE
HIV1,PR,PI,84,AC,Major,FALSE
HIV1,PR,PI,84,V,Major,FALSE
HIV1,PR,PI,84,DEFGHKLMNPQRSTWY_-,Other,TRUE
HIV1,PR,PI,85,V,Other,FALSE
HIV1,PR,PI,88,S,Major,FALSE
HIV1,PR,PI,88,TG,Major,FALSE
HIV1,PR,PI,88,D,Accessory,FALSE
HIV1,PR,PI,88,ACEFHIKLMPQRVWY_-,Other,TRUE
HIV1,PR,PI,89,VT,Accessory,FALSE
HIV1,PR,PI,90,M,Major,FALSE
HIV1,PR,PI,90,ACDEFGHIKNPQRSTVWY_-,Other,TRUE
HIV1,IN,INSTI,49,G,Accessory,FALSE
HIV1,IN,INSTI,50,I,Other,FALSE
HIV1,IN,INSTI,51,Y,Accessory,FALSE
HIV1,IN,INSTI,51,ACDEFGIKLMNPQRSTVW_-,Other,TRUE
HIV1,IN,INSTI,66,AI,Major,FALSE
HIV1,IN,INSTI,66,CDEFGHLMNPQRSVWY_-,Other,TRUE
HIV1,IN,INSTI,66,K,Major,FALSE
HIV1,IN,INSTI,74,MF,Accessory,FALSE
HIV1,IN,INSTI,74,I,Other,FALSE
HIV1,IN,INSTI,75,A,Accessory,FALSE
HIV1,IN,INSTI,92,ACDFHIKLMNPRSTWY_-,Other,TRUE
HIV1,IN,INSTI,92,GV,Major,FALSE
HIV1,IN,INSTI,92,Q,Major,FALSE
HIV1,IN,INSTI,95,K,Accessory,FALSE
HIV1,IN,INSTI,97,A,Accessory,FALSE
HIV1,IN,INSTI,118,R,Major,FALSE
HIV1,IN,INSTI,118,ACDEFHIKLMNPQSTVWY_-,Other,TRUE
HIV1,IN,INSTI,119,R,Other,FALSE
HIV1,IN,INSTI,121,C,Major,FALSE
HIV1,IN,INSTI,121,Y,Major,FALSE
HIV1,IN,INSTI,121,ADEGHIKLMNPQRSTVW_-,Other,TRUE
HIV1,IN,INSTI,122,N,Accessory,FALSE
HIV1,IN,INSTI,128,T,Accessory,FALSE
HIV1,IN,INSTI,138,KAT,Major,FALSE
HIV1,IN,INSTI,138,CFGHILMNPQRSVWY_-,Other,TRUE
HIV1,IN,INSTI,138,D,Other,FALSE
HIV1,IN,INSTI,140,R,Major,FALSE
HIV1,IN,INSTI,140,SAC,Major,FALSE
HIV1,IN,INSTI,140,DEFHIKLMNPQTVWY_-,Other,TRUE
HIV1,IN,INSTI,142,T,Accessory,FALSE
HIV1,IN,INSTI,143,CRH,Major,FALSE
HIV1,IN,INSTI,143,DEFILMNPQTVW_-,Other,TRUE
HIV1,IN,INSTI,143,KGSA,Major,FALSE
HIV1,IN,INSTI,145,S,Major,FALSE
HIV1,IN,INSTI,145,ACDEFGHIKLMNQRTVWY_-,Other,TRUE
HIV1,IN,INSTI,146,PRL,Major,FALSE
HIV1,IN,INSTI,146,ACDEFGHIKMNSTVWY_-,Other,TRUE
HIV1,IN,INSTI,147,ACDEFHIKLMNPQRTVWY_-,Other,TRUE
HIV1,IN,INSTI,147,G,Major,FALSE
HIV1,IN,INSTI,148,ACDEFGILMPSTVWY_-,Other,TRUE
HIV1,IN,INSTI,148,HKR,Major,FALSE
HIV1,IN,INSTI,148,N,Major,FALSE
HIV1,IN,INSTI,149,A,Accessory,FALSE
HIV1,IN,INSTI,151,L,Major,FALSE
HIV1,IN,INSTI,151,A,Accessory,FALSE
HIV1,IN,INSTI,151,CDEFGHKMNPQRSTWY_-,Other,TRUE
HIV1,IN,INSTI,151,I,Other,FALSE
HIV1,IN,INSTI,153,YFA,Accessory,FALSE
HIV1,IN,INSTI,153,CDEGHIKLMNPQRTVW_-,Other,TRUE
HIV1,IN,INSTI,155,ACDEFGIKLMPQRVWY_-,Other,TRUE
HIV1,IN,INSTI,155,H,Major,FALSE
HIV1,IN,INSTI,155,ST,Major,FALSE
HIV1,IN,INSTI,157,Q,Accessory,FALSE
HIV1,IN,INSTI,163,RK,Accessory,FALSE
HIV1,IN,INSTI,230,R,Accessory,FALSE
HIV1,IN,INSTI,230,N,Other,FALSE
HIV1,IN,INSTI,232,N,Accessory,FALSE
HIV1,IN,INSTI,263,K,Major,FALSE
HIV1,IN,INSTI,263,ACDEFGHILMNPQSTVWY_-,Other,TRUE
HIV1,CA,CAI,56,I,Major,FALSE
HIV1,CA,CAI,57,S,Accessory,FALSE
HIV1,CA,CAI,66,I,Major,FALSE
HIV1,CA,CAI,67,H,Major,FALSE
HIV1,CA,CAI,67,Y,Accessory,FALSE
HIV1,CA,CAI,67,N,Accessory,FALSE
HIV1,CA,CAI,67,K,Accessory,FALSE
HIV1,CA,CAI,70,R,Accessory,FALSE
HIV1,CA,CAI,70,S,Major,FALSE
HIV1,CA,CAI,70,N,Major,FALSE
HIV1,CA,CAI,70,H,Major,FALSE
HIV1,CA,CAI,74,D,Major,FALSE
HIV1,CA,CAI,74,S,Major,FALSE
HIV1,CA,CAI,105,T,Accessory,FALSE
HIV1,CA,CAI,105,E,Accessory,FALSE
HIV1,CA,CAI,105,S,Accessory,FALSE
HIV1,CA,CAI,107,N,Accessory,FALSE
HIV1,CA,CAI,107,A,Accessory,FALSE